catalogCode,displayNameEn,displayNameFr,modality,bodyRegion,contrastType,viewCount,laterality,anatomicSubregion,protocol,wave,status,billingStatus,aliasRequired,retirementImpact,successorImpact,implementationBatch
XR_ABDOMEN_1V,Abdomen X-ray 1 view,Radiographie abdomen 1 incidence,MODALITY_XR,BODY_REGION_ABDOMEN,CONTRAST_TYPE_NONE,VIEW_COUNT_ONE,LATERALITY_UNSPECIFIED,,,1,WORKBOOK_DRAFT,PENDING_CPT_REVIEW,OPTIONAL,NONE,NONE,XR-1
XR_ABDOMEN_2V,Abdomen X-ray 2 views,Radiographie abdomen 2 incidences,MODALITY_XR,BODY_REGION_ABDOMEN,CONTRAST_TYPE_NONE,VIEW_COUNT_TWO,LATERALITY_UNSPECIFIED,,,1,WORKBOOK_DRAFT,PENDING_CPT_REVIEW,OPTIONAL,NONE,NONE,XR-1
XR_ABDOMEN_3V_ACUTE,Abdomen X-ray 3 views acute series,Radiographie abdomen série aiguë 3 inc.,MODALITY_XR,BODY_REGION_ABDOMEN,CONTRAST_TYPE_NONE,VIEW_COUNT_THREE,LATERALITY_UNSPECIFIED,,PROTOCOL_XR_ABDOMEN_ACUTE_SERIES,1,WORKBOOK_DRAFT,PENDING_CPT_REVIEW,OPTIONAL,NONE,NONE,XR-1
XR_RIBS_LEFT_WITH_CXR,Left ribs with chest X-ray,Côtes gauches avec thorax,MODALITY_XR,BODY_REGION_CHEST,CONTRAST_TYPE_NONE,VIEW_COUNT_TWO,LATERALITY_LEFT,ANATOMIC_SUBREGION_RIBS,,1,WORKBOOK_DRAFT,PENDING_CPT_REVIEW,OPTIONAL,NONE,NONE,XR-1
XR_RIBS_RIGHT_WITH_CXR,Right ribs with chest X-ray,Côtes droites avec thorax,MODALITY_XR,BODY_REGION_CHEST,CONTRAST_TYPE_NONE,VIEW_COUNT_TWO,LATERALITY_RIGHT,ANATOMIC_SUBREGION_RIBS,,1,WORKBOOK_DRAFT,PENDING_CPT_REVIEW,OPTIONAL,NONE,NONE,XR-1
XR_CSPINE_1V_LATERAL,C-spine X-ray 1 view lateral,Rachis cervical 1 inc. latérale,MODALITY_XR,BODY_REGION_SPINE_CERVICAL,CONTRAST_TYPE_NONE,VIEW_COUNT_ONE,LATERALITY_UNSPECIFIED,ANATOMIC_SUBREGION_SPINE_CERVICAL,,1,WORKBOOK_DRAFT,PENDING_CPT_REVIEW,OPTIONAL,NONE,NONE,XR-1
XR_CSPINE_2_3V,C-spine X-ray 2–3 views,Rachis cervical 2–3 incidences,MODALITY_XR,BODY_REGION_SPINE_CERVICAL,CONTRAST_TYPE_NONE,VIEW_COUNT_THREE,LATERALITY_UNSPECIFIED,ANATOMIC_SUBREGION_SPINE_CERVICAL,,1,WORKBOOK_DRAFT,PENDING_CPT_REVIEW,OPTIONAL,NONE,NONE,XR-1
XR_CSPINE_3V_UPRIGHT,C-spine X-ray 3 views upright,Rachis cervical 3 inc. debout,MODALITY_XR,BODY_REGION_SPINE_CERVICAL,CONTRAST_TYPE_NONE,VIEW_COUNT_THREE,LATERALITY_UNSPECIFIED,ANATOMIC_SUBREGION_SPINE_CERVICAL,PROTOCOL_XR_CSPINE_UPRIGHT,1,WORKBOOK_DRAFT,PENDING_CPT_REVIEW,OPTIONAL,NONE,NONE,XR-1
XR_CSPINE_COMPLETE,C-spine X-ray complete,Rachis cervical série complète,MODALITY_XR,BODY_REGION_SPINE_CERVICAL,CONTRAST_TYPE_NONE,VIEW_COUNT_COMPLETE,LATERALITY_UNSPECIFIED,ANATOMIC_SUBREGION_SPINE_CERVICAL,,1,WORKBOOK_DRAFT,PENDING_CPT_REVIEW,OPTIONAL,NONE,NONE,XR-1
XR_LSPINE_2V,Lumbar spine X-ray 2 views,Rachis lombaire 2 incidences,MODALITY_XR,BODY_REGION_SPINE,CONTRAST_TYPE_NONE,VIEW_COUNT_TWO,LATERALITY_UNSPECIFIED,ANATOMIC_SUBREGION_SPINE_LUMBAR,,1,WORKBOOK_DRAFT,PENDING_CPT_REVIEW,OPTIONAL,NONE,NONE,XR-1
XR_LSPINE_2V_UPRIGHT,Lumbar spine X-ray 2 views upright,Rachis lombaire 2 inc. debout,MODALITY_XR,BODY_REGION_SPINE,CONTRAST_TYPE_NONE,VIEW_COUNT_TWO,LATERALITY_UNSPECIFIED,ANATOMIC_SUBREGION_SPINE_LUMBAR,PROTOCOL_XR_CSPINE_UPRIGHT,1,WORKBOOK_DRAFT,PENDING_CPT_REVIEW,OPTIONAL,NONE,NONE,XR-1
XR_LSPINE_3V,Lumbar spine X-ray 3 views,Rachis lombaire 3 incidences,MODALITY_XR,BODY_REGION_SPINE,CONTRAST_TYPE_NONE,VIEW_COUNT_THREE,LATERALITY_UNSPECIFIED,ANATOMIC_SUBREGION_SPINE_LUMBAR,,1,WORKBOOK_DRAFT,PENDING_CPT_REVIEW,OPTIONAL,NONE,NONE,XR-1
XR_LSPINE_3V_UPRIGHT,Lumbar spine X-ray 3 views upright,Rachis lombaire 3 inc. debout,MODALITY_XR,BODY_REGION_SPINE,CONTRAST_TYPE_NONE,VIEW_COUNT_THREE,LATERALITY_UNSPECIFIED,ANATOMIC_SUBREGION_SPINE_LUMBAR,PROTOCOL_XR_CSPINE_UPRIGHT,1,WORKBOOK_DRAFT,PENDING_CPT_REVIEW,OPTIONAL,NONE,NONE,XR-1
XR_TSPINE_2V,Thoracic spine X-ray 2 views,Rachis thoracique 2 incidences,MODALITY_XR,BODY_REGION_SPINE_THORACIC,CONTRAST_TYPE_NONE,VIEW_COUNT_TWO,LATERALITY_UNSPECIFIED,ANATOMIC_SUBREGION_SPINE_THORACIC,,1,WORKBOOK_DRAFT,PENDING_CPT_REVIEW,OPTIONAL,NONE,NONE,XR-1
XR_TSPINE_3V_UPRIGHT,Thoracic spine X-ray 3 views upright,Rachis thoracique 3 inc. debout,MODALITY_XR,BODY_REGION_SPINE_THORACIC,CONTRAST_TYPE_NONE,VIEW_COUNT_THREE,LATERALITY_UNSPECIFIED,ANATOMIC_SUBREGION_SPINE_THORACIC,PROTOCOL_XR_CSPINE_UPRIGHT,1,WORKBOOK_DRAFT,PENDING_CPT_REVIEW,OPTIONAL,NONE,NONE,XR-1
XR_THORACOLUMBAR_2V,Thoracolumbar spine X-ray 2 views,Rachis thoraco-lombaire 2 incidences,MODALITY_XR,BODY_REGION_SPINE,CONTRAST_TYPE_NONE,VIEW_COUNT_TWO,LATERALITY_UNSPECIFIED,ANATOMIC_SUBREGION_SPINE_LUMBAR,,1,WORKBOOK_DRAFT,PENDING_CPT_REVIEW,OPTIONAL,NONE,NONE,XR-1
XR_SACRUM_COCCYX_2V,Sacrum and coccyx X-ray,Sacrum et coccyx,MODALITY_XR,BODY_REGION_SPINE,CONTRAST_TYPE_NONE,VIEW_COUNT_TWO,LATERALITY_UNSPECIFIED,ANATOMIC_SUBREGION_SPINE_SACRUM_COCCYX,,1,WORKBOOK_DRAFT,PENDING_CPT_REVIEW,REQUIRED,NONE,NONE,XR-1
XR_RIBS_LEFT,Left ribs X-ray,Radiographie côtes gauches,MODALITY_XR,BODY_REGION_RIBS,CONTRAST_TYPE_NONE,VIEW_COUNT_TWO,LATERALITY_LEFT,,,1,WORKBOOK_DRAFT,PENDING_CPT_REVIEW,OPTIONAL,NONE,NONE,XR-1
XR_RIBS_RIGHT,Right ribs X-ray,Radiographie côtes droites,MODALITY_XR,BODY_REGION_RIBS,CONTRAST_TYPE_NONE,VIEW_COUNT_TWO,LATERALITY_RIGHT,,,1,WORKBOOK_DRAFT,PENDING_CPT_REVIEW,OPTIONAL,NONE,NONE,XR-1
XR_KNEE_LEFT_SUNRISE,Knee X-ray left sunrise,Radiographie genou gauche sunrise,MODALITY_XR,BODY_REGION_KNEE,CONTRAST_TYPE_NONE,VIEW_COUNT_ONE,LATERALITY_LEFT,,PROTOCOL_XR_KNEE_SUNRISE,2,WORKBOOK_DRAFT,PENDING_CPT_REVIEW,OPTIONAL,NONE,NONE,XR-2
XR_KNEE_LEFT_2V,Knee X-ray left 2 views,Radiographie genou gauche 2 inc.,MODALITY_XR,BODY_REGION_KNEE,CONTRAST_TYPE_NONE,VIEW_COUNT_TWO,LATERALITY_LEFT,,,2,WORKBOOK_DRAFT,PENDING_CPT_REVIEW,OPTIONAL,NONE,NONE,XR-2
XR_KNEE_LEFT_3V,Knee X-ray left 3 views,Radiographie genou gauche 3 inc.,MODALITY_XR,BODY_REGION_KNEE,CONTRAST_TYPE_NONE,VIEW_COUNT_THREE,LATERALITY_LEFT,,,2,WORKBOOK_DRAFT,PENDING_CPT_REVIEW,OPTIONAL,NONE,NONE,XR-2
XR_KNEE_LEFT_4V,Knee X-ray left 4 views,Radiographie genou gauche 4 inc.,MODALITY_XR,BODY_REGION_KNEE,CONTRAST_TYPE_NONE,VIEW_COUNT_FOUR,LATERALITY_LEFT,,,2,WORKBOOK_DRAFT,PENDING_CPT_REVIEW,OPTIONAL,NONE,NONE,XR-2
XR_KNEE_RIGHT_SUNRISE,Knee X-ray right sunrise,Radiographie genou droit sunrise,MODALITY_XR,BODY_REGION_KNEE,CONTRAST_TYPE_NONE,VIEW_COUNT_ONE,LATERALITY_RIGHT,,PROTOCOL_XR_KNEE_SUNRISE,2,WORKBOOK_DRAFT,PENDING_CPT_REVIEW,OPTIONAL,NONE,NONE,XR-2
XR_KNEE_RIGHT_2V,Knee X-ray right 2 views,Radiographie genou droit 2 inc.,MODALITY_XR,BODY_REGION_KNEE,CONTRAST_TYPE_NONE,VIEW_COUNT_TWO,LATERALITY_RIGHT,,,2,WORKBOOK_DRAFT,PENDING_CPT_REVIEW,OPTIONAL,NONE,NONE,XR-2
XR_KNEE_RIGHT_3V,Knee X-ray right 3 views,Radiographie genou droit 3 inc.,MODALITY_XR,BODY_REGION_KNEE,CONTRAST_TYPE_NONE,VIEW_COUNT_THREE,LATERALITY_RIGHT,,,2,WORKBOOK_DRAFT,PENDING_CPT_REVIEW,OPTIONAL,NONE,NONE,XR-2
XR_KNEE_RIGHT_4V,Knee X-ray right 4 views,Radiographie genou droit 4 inc.,MODALITY_XR,BODY_REGION_KNEE,CONTRAST_TYPE_NONE,VIEW_COUNT_FOUR,LATERALITY_RIGHT,,,2,WORKBOOK_DRAFT,PENDING_CPT_REVIEW,OPTIONAL,NONE,NONE,XR-2
XR_ANKLE_LEFT_2V,Ankle X-ray left 2 views,Radiographie cheville gauche 2 inc.,MODALITY_XR,BODY_REGION_ANKLE,CONTRAST_TYPE_NONE,VIEW_COUNT_TWO,LATERALITY_LEFT,,,2,WORKBOOK_DRAFT,PENDING_CPT_REVIEW,OPTIONAL,NONE,NONE,XR-2
XR_ANKLE_LEFT_3V,Ankle X-ray left 3 views,Radiographie cheville gauche 3 inc.,MODALITY_XR,BODY_REGION_ANKLE,CONTRAST_TYPE_NONE,VIEW_COUNT_THREE,LATERALITY_LEFT,,,2,WORKBOOK_DRAFT,PENDING_CPT_REVIEW,OPTIONAL,NONE,NONE,XR-2
XR_ANKLE_RIGHT_2V,Ankle X-ray right 2 views,Radiographie cheville droite 2 inc.,MODALITY_XR,BODY_REGION_ANKLE,CONTRAST_TYPE_NONE,VIEW_COUNT_TWO,LATERALITY_RIGHT,,,2,WORKBOOK_DRAFT,PENDING_CPT_REVIEW,OPTIONAL,NONE,NONE,XR-2
XR_ANKLE_RIGHT_3V,Ankle X-ray right 3 views,Radiographie cheville droite 3 inc.,MODALITY_XR,BODY_REGION_ANKLE,CONTRAST_TYPE_NONE,VIEW_COUNT_THREE,LATERALITY_RIGHT,,,2,WORKBOOK_DRAFT,PENDING_CPT_REVIEW,OPTIONAL,NONE,NONE,XR-2
XR_FOOT_BILATERAL_2V,Foot X-ray bilateral 2 views,Radiographie pied bilatérale 2 inc.,MODALITY_XR,BODY_REGION_FOOT,CONTRAST_TYPE_NONE,VIEW_COUNT_TWO,LATERALITY_BILATERAL,,,2,WORKBOOK_DRAFT,PENDING_CPT_REVIEW,OPTIONAL,NONE,NONE,XR-2
XR_FOOT_LEFT_2V,Foot X-ray left 2 views,Radiographie pied gauche 2 inc.,MODALITY_XR,BODY_REGION_FOOT,CONTRAST_TYPE_NONE,VIEW_COUNT_TWO,LATERALITY_LEFT,,,2,WORKBOOK_DRAFT,PENDING_CPT_REVIEW,OPTIONAL,NONE,NONE,XR-2
XR_FOOT_LEFT_3V,Foot X-ray left 3 views,Radiographie pied gauche 3 inc.,MODALITY_XR,BODY_REGION_FOOT,CONTRAST_TYPE_NONE,VIEW_COUNT_THREE,LATERALITY_LEFT,,,2,WORKBOOK_DRAFT,PENDING_CPT_REVIEW,OPTIONAL,NONE,NONE,XR-2
XR_FOOT_RIGHT_2V,Foot X-ray right 2 views,Radiographie pied droite 2 inc.,MODALITY_XR,BODY_REGION_FOOT,CONTRAST_TYPE_NONE,VIEW_COUNT_TWO,LATERALITY_RIGHT,,,2,WORKBOOK_DRAFT,PENDING_CPT_REVIEW,OPTIONAL,NONE,NONE,XR-2
XR_FOOT_RIGHT_3V,Foot X-ray right 3 views,Radiographie pied droite 3 inc.,MODALITY_XR,BODY_REGION_FOOT,CONTRAST_TYPE_NONE,VIEW_COUNT_THREE,LATERALITY_RIGHT,,,2,WORKBOOK_DRAFT,PENDING_CPT_REVIEW,OPTIONAL,NONE,NONE,XR-2
XR_CALCANEUS_LEFT_2V,Calcaneus X-ray left 2 views,Radiographie calcanéus gauche 2 inc.,MODALITY_XR,BODY_REGION_FOOT,CONTRAST_TYPE_NONE,VIEW_COUNT_TWO,LATERALITY_LEFT,ANATOMIC_SUBREGION_CALCANEUS,,2,WORKBOOK_DRAFT,PENDING_CPT_REVIEW,REQUIRED,NONE,NONE,XR-2
XR_CALCANEUS_RIGHT_2V,Calcaneus X-ray right 2 views,Radiographie calcanéus droite 2 inc.,MODALITY_XR,BODY_REGION_FOOT,CONTRAST_TYPE_NONE,VIEW_COUNT_TWO,LATERALITY_RIGHT,ANATOMIC_SUBREGION_CALCANEUS,,2,WORKBOOK_DRAFT,PENDING_CPT_REVIEW,REQUIRED,NONE,NONE,XR-2
XR_ELBOW_LEFT_2V,Elbow X-ray left 2 views,Radiographie coude gauche 2 inc.,MODALITY_XR,BODY_REGION_ELBOW,CONTRAST_TYPE_NONE,VIEW_COUNT_TWO,LATERALITY_LEFT,,,2,WORKBOOK_DRAFT,PENDING_CPT_REVIEW,OPTIONAL,NONE,NONE,XR-2
XR_ELBOW_LEFT_3V,Elbow X-ray left 3 views,Radiographie coude gauche 3 inc.,MODALITY_XR,BODY_REGION_ELBOW,CONTRAST_TYPE_NONE,VIEW_COUNT_THREE,LATERALITY_LEFT,,,2,WORKBOOK_DRAFT,PENDING_CPT_REVIEW,OPTIONAL,NONE,NONE,XR-2
XR_ELBOW_LEFT_4V,Elbow X-ray left 4 views,Radiographie coude gauche 4 inc.,MODALITY_XR,BODY_REGION_ELBOW,CONTRAST_TYPE_NONE,VIEW_COUNT_FOUR,LATERALITY_LEFT,,,2,WORKBOOK_DRAFT,PENDING_CPT_REVIEW,OPTIONAL,NONE,NONE,XR-2
XR_ELBOW_RIGHT_2V,Elbow X-ray right 2 views,Radiographie coude droite 2 inc.,MODALITY_XR,BODY_REGION_ELBOW,CONTRAST_TYPE_NONE,VIEW_COUNT_TWO,LATERALITY_RIGHT,,,2,WORKBOOK_DRAFT,PENDING_CPT_REVIEW,OPTIONAL,NONE,NONE,XR-2
XR_ELBOW_RIGHT_3V,Elbow X-ray right 3 views,Radiographie coude droite 3 inc.,MODALITY_XR,BODY_REGION_ELBOW,CONTRAST_TYPE_NONE,VIEW_COUNT_THREE,LATERALITY_RIGHT,,,2,WORKBOOK_DRAFT,PENDING_CPT_REVIEW,OPTIONAL,NONE,NONE,XR-2
XR_ELBOW_RIGHT_4V,Elbow X-ray right 4 views,Radiographie coude droite 4 inc.,MODALITY_XR,BODY_REGION_ELBOW,CONTRAST_TYPE_NONE,VIEW_COUNT_FOUR,LATERALITY_RIGHT,,,2,WORKBOOK_DRAFT,PENDING_CPT_REVIEW,OPTIONAL,NONE,NONE,XR-2
XR_WRIST_LEFT_2V,Wrist X-ray left 2 views,Radiographie poignet gauche 2 inc.,MODALITY_XR,BODY_REGION_WRIST,CONTRAST_TYPE_NONE,VIEW_COUNT_TWO,LATERALITY_LEFT,,,2,WORKBOOK_DRAFT,PENDING_CPT_REVIEW,OPTIONAL,NONE,NONE,XR-2
XR_WRIST_LEFT_3V,Wrist X-ray left 3 views,Radiographie poignet gauche 3 inc.,MODALITY_XR,BODY_REGION_WRIST,CONTRAST_TYPE_NONE,VIEW_COUNT_THREE,LATERALITY_LEFT,,,2,WORKBOOK_DRAFT,PENDING_CPT_REVIEW,OPTIONAL,NONE,NONE,XR-2
XR_WRIST_RIGHT_2V,Wrist X-ray right 2 views,Radiographie poignet droite 2 inc.,MODALITY_XR,BODY_REGION_WRIST,CONTRAST_TYPE_NONE,VIEW_COUNT_TWO,LATERALITY_RIGHT,,,2,WORKBOOK_DRAFT,PENDING_CPT_REVIEW,OPTIONAL,NONE,NONE,XR-2
XR_WRIST_RIGHT_3V,Wrist X-ray right 3 views,Radiographie poignet droite 3 inc.,MODALITY_XR,BODY_REGION_WRIST,CONTRAST_TYPE_NONE,VIEW_COUNT_THREE,LATERALITY_RIGHT,,,2,WORKBOOK_DRAFT,PENDING_CPT_REVIEW,OPTIONAL,NONE,NONE,XR-2
XR_SHOULDER_LEFT_2V,Shoulder X-ray left 2 views,Radiographie épaule gauche 2 inc.,MODALITY_XR,BODY_REGION_SHOULDER,CONTRAST_TYPE_NONE,VIEW_COUNT_TWO,LATERALITY_LEFT,,,2,WORKBOOK_DRAFT,PENDING_CPT_REVIEW,OPTIONAL,NONE,NONE,XR-2
XR_SHOULDER_LEFT_3V,Shoulder X-ray left 3 views,Radiographie épaule gauche 3 inc.,MODALITY_XR,BODY_REGION_SHOULDER,CONTRAST_TYPE_NONE,VIEW_COUNT_THREE,LATERALITY_LEFT,,,2,WORKBOOK_DRAFT,PENDING_CPT_REVIEW,OPTIONAL,NONE,NONE,XR-2
XR_SHOULDER_RIGHT_2V,Shoulder X-ray right 2 views,Radiographie épaule droite 2 inc.,MODALITY_XR,BODY_REGION_SHOULDER,CONTRAST_TYPE_NONE,VIEW_COUNT_TWO,LATERALITY_RIGHT,,,2,WORKBOOK_DRAFT,PENDING_CPT_REVIEW,OPTIONAL,NONE,NONE,XR-2
XR_SHOULDER_RIGHT_3V,Shoulder X-ray right 3 views,Radiographie épaule droite 3 inc.,MODALITY_XR,BODY_REGION_SHOULDER,CONTRAST_TYPE_NONE,VIEW_COUNT_THREE,LATERALITY_RIGHT,,,2,WORKBOOK_DRAFT,PENDING_CPT_REVIEW,OPTIONAL,NONE,NONE,XR-2
XR_HAND_LEFT_2V,Hand X-ray left 2 views,Radiographie main gauche 2 inc.,MODALITY_XR,BODY_REGION_HAND,CONTRAST_TYPE_NONE,VIEW_COUNT_TWO,LATERALITY_LEFT,,,2,WORKBOOK_DRAFT,PENDING_CPT_REVIEW,OPTIONAL,NONE,NONE,XR-2
XR_HAND_LEFT_3V,Hand X-ray left 3 views,Radiographie main gauche 3 inc.,MODALITY_XR,BODY_REGION_HAND,CONTRAST_TYPE_NONE,VIEW_COUNT_THREE,LATERALITY_LEFT,,,2,WORKBOOK_DRAFT,PENDING_CPT_REVIEW,OPTIONAL,NONE,NONE,XR-2
XR_HAND_RIGHT_2V,Hand X-ray right 2 views,Radiographie main droite 2 inc.,MODALITY_XR,BODY_REGION_HAND,CONTRAST_TYPE_NONE,VIEW_COUNT_TWO,LATERALITY_RIGHT,,,2,WORKBOOK_DRAFT,PENDING_CPT_REVIEW,OPTIONAL,NONE,NONE,XR-2
XR_HAND_RIGHT_3V,Hand X-ray right 3 views,Radiographie main droite 3 inc.,MODALITY_XR,BODY_REGION_HAND,CONTRAST_TYPE_NONE,VIEW_COUNT_THREE,LATERALITY_RIGHT,,,2,WORKBOOK_DRAFT,PENDING_CPT_REVIEW,OPTIONAL,NONE,NONE,XR-2
XR_HIP_BILATERAL_WITH_PELVIS,Hip X-ray bilateral with pelvis,Radiographie hanche bilatérale avec bassin,MODALITY_XR,BODY_REGION_HIP,CONTRAST_TYPE_NONE,VIEW_COUNT_TWO,LATERALITY_BILATERAL,,,2,WORKBOOK_DRAFT,PENDING_CPT_REVIEW,OPTIONAL,NONE,NONE,XR-2
XR_HIP_LEFT_1V,Hip X-ray left 1 view,Radiographie hanche gauche 1 inc.,MODALITY_XR,BODY_REGION_HIP,CONTRAST_TYPE_NONE,VIEW_COUNT_ONE,LATERALITY_LEFT,,,2,WORKBOOK_DRAFT,PENDING_CPT_REVIEW,OPTIONAL,NONE,NONE,XR-2
XR_HIP_LEFT_2V,Hip X-ray left 2 views,Radiographie hanche gauche 2 inc.,MODALITY_XR,BODY_REGION_HIP,CONTRAST_TYPE_NONE,VIEW_COUNT_TWO,LATERALITY_LEFT,,,2,WORKBOOK_DRAFT,PENDING_CPT_REVIEW,OPTIONAL,NONE,NONE,XR-2
XR_HIP_RIGHT_1V,Hip X-ray right 1 view,Radiographie hanche droite 1 inc.,MODALITY_XR,BODY_REGION_HIP,CONTRAST_TYPE_NONE,VIEW_COUNT_ONE,LATERALITY_RIGHT,,,2,WORKBOOK_DRAFT,PENDING_CPT_REVIEW,OPTIONAL,NONE,NONE,XR-2
XR_HIP_RIGHT_2V,Hip X-ray right 2 views,Radiographie hanche droite 2 inc.,MODALITY_XR,BODY_REGION_HIP,CONTRAST_TYPE_NONE,VIEW_COUNT_TWO,LATERALITY_RIGHT,,,2,WORKBOOK_DRAFT,PENDING_CPT_REVIEW,OPTIONAL,NONE,NONE,XR-2
XR_HUMERUS_LEFT_2V,Humerus X-ray left 2 views,Radiographie humérus gauche 2 inc.,MODALITY_XR,BODY_REGION_ARM,CONTRAST_TYPE_NONE,VIEW_COUNT_TWO,LATERALITY_LEFT,,,2,WORKBOOK_DRAFT,PENDING_CPT_REVIEW,OPTIONAL,NONE,NONE,XR-2
XR_HUMERUS_RIGHT_2V,Humerus X-ray right 2 views,Radiographie humérus droite 2 inc.,MODALITY_XR,BODY_REGION_ARM,CONTRAST_TYPE_NONE,VIEW_COUNT_TWO,LATERALITY_RIGHT,,,2,WORKBOOK_DRAFT,PENDING_CPT_REVIEW,OPTIONAL,NONE,NONE,XR-2
XR_FEMUR_LEFT_2V,Femur X-ray left 2 views,Radiographie fémur gauche 2 inc.,MODALITY_XR,BODY_REGION_THIGH,CONTRAST_TYPE_NONE,VIEW_COUNT_TWO,LATERALITY_LEFT,,,2,WORKBOOK_DRAFT,PENDING_CPT_REVIEW,OPTIONAL,NONE,NONE,XR-2
XR_FEMUR_RIGHT_2V,Femur X-ray right 2 views,Radiographie fémur droite 2 inc.,MODALITY_XR,BODY_REGION_THIGH,CONTRAST_TYPE_NONE,VIEW_COUNT_TWO,LATERALITY_RIGHT,,,2,WORKBOOK_DRAFT,PENDING_CPT_REVIEW,OPTIONAL,NONE,NONE,XR-2
XR_FOREARM_LEFT_2V,Forearm X-ray left 2 views,Radiographie avant-bras gauche 2 inc.,MODALITY_XR,BODY_REGION_FOREARM,CONTRAST_TYPE_NONE,VIEW_COUNT_TWO,LATERALITY_LEFT,,,2,WORKBOOK_DRAFT,PENDING_CPT_REVIEW,OPTIONAL,NONE,NONE,XR-2
XR_FOREARM_RIGHT_2V,Forearm X-ray right 2 views,Radiographie avant-bras droite 2 inc.,MODALITY_XR,BODY_REGION_FOREARM,CONTRAST_TYPE_NONE,VIEW_COUNT_TWO,LATERALITY_RIGHT,,,2,WORKBOOK_DRAFT,PENDING_CPT_REVIEW,OPTIONAL,NONE,NONE,XR-2
XR_TIB_FIB_LEFT_2V,Tibia/fibula X-ray left 2 views,Radiographie tibia-péroné gauche 2 inc.,MODALITY_XR,BODY_REGION_LEG,CONTRAST_TYPE_NONE,VIEW_COUNT_TWO,LATERALITY_LEFT,,,2,WORKBOOK_DRAFT,PENDING_CPT_REVIEW,OPTIONAL,NONE,NONE,XR-2
XR_TIB_FIB_RIGHT_2V,Tibia/fibula X-ray right 2 views,Radiographie tibia-péroné droite 2 inc.,MODALITY_XR,BODY_REGION_LEG,CONTRAST_TYPE_NONE,VIEW_COUNT_TWO,LATERALITY_RIGHT,,,2,WORKBOOK_DRAFT,PENDING_CPT_REVIEW,OPTIONAL,NONE,NONE,XR-2
XR_PELVIS_AP,Pelvis X-ray AP,Radiographie bassin AP,MODALITY_XR,BODY_REGION_PELVIS,CONTRAST_TYPE_NONE,VIEW_COUNT_ONE,LATERALITY_UNSPECIFIED,,,2,WORKBOOK_DRAFT,PENDING_CPT_REVIEW,OPTIONAL,NONE,NONE,XR-2
XR_PELVIS_COMPLETE,Pelvis X-ray complete,Radiographie bassin complète,MODALITY_XR,BODY_REGION_PELVIS,CONTRAST_TYPE_NONE,VIEW_COUNT_COMPLETE,LATERALITY_UNSPECIFIED,,,2,WORKBOOK_DRAFT,PENDING_CPT_REVIEW,OPTIONAL,NONE,NONE,XR-2
XR_INFANT_FOOT_LEFT_2V,Infant foot X-ray left 2 views,Radiographie pied nourrisson gauche 2 inc.,MODALITY_XR,BODY_REGION_FOOT,CONTRAST_TYPE_NONE,VIEW_COUNT_TWO,LATERALITY_LEFT,ANATOMIC_SUBREGION_INFANT_EXTREMITY,,2,WORKBOOK_DRAFT,PENDING_CPT_REVIEW,OPTIONAL,NONE,NONE,XR-2
XR_AC_JOINT_BILATERAL_2V,AC joints X-ray bilateral 2 views,Radiographie articulations AC bilatérales 2 inc.,MODALITY_XR,BODY_REGION_SHOULDER,CONTRAST_TYPE_NONE,VIEW_COUNT_TWO,LATERALITY_BILATERAL,ANATOMIC_SUBREGION_AC_JOINT,,4,WORKBOOK_DRAFT,PENDING_CPT_REVIEW,OPTIONAL,NONE,NONE,XR-3
XR_AC_JOINT_LEFT_2V,AC joint X-ray left 2 views,Radiographie articulation AC gauche 2 inc.,MODALITY_XR,BODY_REGION_SHOULDER,CONTRAST_TYPE_NONE,VIEW_COUNT_TWO,LATERALITY_LEFT,ANATOMIC_SUBREGION_AC_JOINT,,4,WORKBOOK_DRAFT,PENDING_CPT_REVIEW,OPTIONAL,NONE,NONE,XR-3
XR_AC_JOINT_RIGHT_2V,AC joint X-ray right 2 views,Radiographie articulation AC droite 2 inc.,MODALITY_XR,BODY_REGION_SHOULDER,CONTRAST_TYPE_NONE,VIEW_COUNT_TWO,LATERALITY_RIGHT,ANATOMIC_SUBREGION_AC_JOINT,,4,WORKBOOK_DRAFT,PENDING_CPT_REVIEW,OPTIONAL,NONE,NONE,XR-3
XR_CLAVICLE_LEFT_2V,Clavicle X-ray left 2 views,Radiographie clavicule gauche 2 inc.,MODALITY_XR,BODY_REGION_SHOULDER,CONTRAST_TYPE_NONE,VIEW_COUNT_TWO,LATERALITY_LEFT,ANATOMIC_SUBREGION_CLAVICLE,,4,WORKBOOK_DRAFT,PENDING_CPT_REVIEW,OPTIONAL,NONE,NONE,XR-3
XR_CLAVICLE_RIGHT_2V,Clavicle X-ray right 2 views,Radiographie clavicule droite 2 inc.,MODALITY_XR,BODY_REGION_SHOULDER,CONTRAST_TYPE_NONE,VIEW_COUNT_TWO,LATERALITY_RIGHT,ANATOMIC_SUBREGION_CLAVICLE,,4,WORKBOOK_DRAFT,PENDING_CPT_REVIEW,OPTIONAL,NONE,NONE,XR-3
XR_SCAPULA_LEFT,Scapula X-ray left,Radiographie scapula gauche,MODALITY_XR,BODY_REGION_SHOULDER,CONTRAST_TYPE_NONE,VIEW_COUNT_TWO,LATERALITY_LEFT,ANATOMIC_SUBREGION_SCAPULA,,4,WORKBOOK_DRAFT,PENDING_CPT_REVIEW,OPTIONAL,NONE,NONE,XR-3
XR_SCAPULA_RIGHT,Scapula X-ray right,Radiographie scapula droite,MODALITY_XR,BODY_REGION_SHOULDER,CONTRAST_TYPE_NONE,VIEW_COUNT_TWO,LATERALITY_RIGHT,ANATOMIC_SUBREGION_SCAPULA,,4,WORKBOOK_DRAFT,PENDING_CPT_REVIEW,OPTIONAL,NONE,NONE,XR-3
CT_HEAD_W_CONTRAST,CT head with IV contrast,TDM tête avec contraste IV,MODALITY_CT,BODY_REGION_HEAD,CONTRAST_TYPE_WITH,,LATERALITY_UNSPECIFIED,,,1,WORKBOOK_DRAFT,PENDING_CPT_REVIEW,OPTIONAL,NONE,AVOID_CT_HEAD,CT-1
CT_CHEST_W_IV_CONTRAST,CT chest with IV contrast,TDM thorax avec contraste IV,MODALITY_CT,BODY_REGION_CHEST,CONTRAST_TYPE_WITH,,LATERALITY_UNSPECIFIED,,,1,WORKBOOK_DRAFT,PENDING_CPT_REVIEW,OPTIONAL,NONE,AVOID_CT_ABD,CT-1
CT_CHEST_W_WO_CONTRAST,CT chest with and without IV contrast,TDM thorax avec et sans contraste IV,MODALITY_CT,BODY_REGION_CHEST,CONTRAST_TYPE_WITH_AND_WITHOUT,,LATERALITY_UNSPECIFIED,,,1,WORKBOOK_DRAFT,PENDING_CPT_REVIEW,OPTIONAL,NONE,AVOID_CT_ABD,CT-1
CT_ABDOMEN_PELVIS_W_IV_CONTRAST,CT abdomen/pelvis with IV contrast,TDM abdomen/pelvis avec contraste IV,MODALITY_CT,BODY_REGION_ABDOMEN_PELVIS,CONTRAST_TYPE_WITH,,LATERALITY_UNSPECIFIED,,,1,WORKBOOK_DRAFT,PENDING_CPT_REVIEW,OPTIONAL,NONE,AVOID_CT_ABD,CT-1
CT_ABDOMEN_PELVIS_W_WO_CONTRAST,CT abdomen/pelvis with and without IV contrast,TDM abdomen/pelvis avec et sans contraste IV,MODALITY_CT,BODY_REGION_ABDOMEN_PELVIS,CONTRAST_TYPE_WITH_AND_WITHOUT,,LATERALITY_UNSPECIFIED,,,1,WORKBOOK_DRAFT,PENDING_CPT_REVIEW,OPTIONAL,NONE,AVOID_CT_ABD,CT-1
CT_PELVIS_WO_CONTRAST,CT pelvis without IV contrast,TDM pelvis sans contraste IV,MODALITY_CT,BODY_REGION_PELVIS,CONTRAST_TYPE_WITHOUT,,LATERALITY_UNSPECIFIED,,,1,WORKBOOK_DRAFT,PENDING_CPT_REVIEW,OPTIONAL,NONE,AVOID_CT_ABD,CT-1
CT_PELVIS_W_WO_CONTRAST,CT pelvis with and without IV contrast,TDM pelvis avec et sans contraste IV,MODALITY_CT,BODY_REGION_PELVIS,CONTRAST_TYPE_WITH_AND_WITHOUT,,LATERALITY_UNSPECIFIED,,,1,WORKBOOK_DRAFT,PENDING_CPT_REVIEW,OPTIONAL,NONE,AVOID_CT_ABD,CT-1
CTA_LOWER_EXTREMITY_LEFT,CTA lower extremity left,Angioscanner membre inférieur gauche,MODALITY_CTA,BODY_REGION_LOWER_EXTREMITY,CONTRAST_TYPE_ANGIOGRAPHIC,,LATERALITY_LEFT,,,2,WORKBOOK_DRAFT,PENDING_CPT_REVIEW,OPTIONAL,NONE,NONE,CT-2
CTA_LOWER_EXTREMITY_RIGHT,CTA lower extremity right,Angioscanner membre inférieur droit,MODALITY_CTA,BODY_REGION_LOWER_EXTREMITY,CONTRAST_TYPE_ANGIOGRAPHIC,,LATERALITY_RIGHT,,,2,WORKBOOK_DRAFT,PENDING_CPT_REVIEW,OPTIONAL,NONE,NONE,CT-2
CTA_UPPER_EXTREMITY_LEFT,CTA upper extremity left,Angioscanner membre supérieur gauche,MODALITY_CTA,BODY_REGION_UPPER_EXTREMITY,CONTRAST_TYPE_ANGIOGRAPHIC,,LATERALITY_LEFT,,,2,WORKBOOK_DRAFT,PENDING_CPT_REVIEW,OPTIONAL,NONE,NONE,CT-2
CTA_UPPER_EXTREMITY_RIGHT,CTA upper extremity right,Angioscanner membre supérieur droit,MODALITY_CTA,BODY_REGION_UPPER_EXTREMITY,CONTRAST_TYPE_ANGIOGRAPHIC,,LATERALITY_RIGHT,,,2,WORKBOOK_DRAFT,PENDING_CPT_REVIEW,OPTIONAL,NONE,NONE,CT-2
CT_BRAIN_PERFUSION,CT brain perfusion,TDM perfusion cérébrale,MODALITY_CT,BODY_REGION_HEAD,CONTRAST_TYPE_WITHOUT,,LATERALITY_UNSPECIFIED,,PROTOCOL_CT_BRAIN_PERFUSION,4,WORKBOOK_DRAFT,PENDING_CPT_REVIEW,OPTIONAL,NONE,NONE,CT-3
CT_FACIAL_WO_CONTRAST,CT facial bones without contrast,TDM os faciaux sans contraste,MODALITY_CT,BODY_REGION_FACE,CONTRAST_TYPE_WITHOUT,,LATERALITY_UNSPECIFIED,ANATOMIC_SUBREGION_FACIAL_BONES,,4,WORKBOOK_DRAFT,PENDING_CPT_REVIEW,OPTIONAL,NONE,NONE,CT-3
CT_MAXILLOFACIAL_WO_CONTRAST,CT maxillofacial without contrast,TDM maxillo-facial sans contraste,MODALITY_CT,BODY_REGION_FACE,CONTRAST_TYPE_WITHOUT,,LATERALITY_UNSPECIFIED,ANATOMIC_SUBREGION_FACIAL_BONES,,4,WORKBOOK_DRAFT,PENDING_CPT_REVIEW,OPTIONAL,NONE,NONE,CT-3
CT_MAXILLOFACIAL_W_IV_CONTRAST,CT maxillofacial with IV contrast,TDM maxillo-facial avec contraste IV,MODALITY_CT,BODY_REGION_FACE,CONTRAST_TYPE_WITH,,LATERALITY_UNSPECIFIED,ANATOMIC_SUBREGION_FACIAL_BONES,,4,WORKBOOK_DRAFT,PENDING_CPT_REVIEW,OPTIONAL,NONE,NONE,CT-3
CT_ORBITS_WO_CONTRAST,CT orbits without contrast,TDM orbites sans contraste,MODALITY_CT,BODY_REGION_HEAD,CONTRAST_TYPE_WITHOUT,,LATERALITY_UNSPECIFIED,ANATOMIC_SUBREGION_ORBIT,,4,WORKBOOK_DRAFT,PENDING_CPT_REVIEW,OPTIONAL,NONE,NONE,CT-3
CT_SINUSES_WO_CONTRAST,CT sinuses without contrast,TDM sinus sans contraste,MODALITY_CT,BODY_REGION_SINUS,CONTRAST_TYPE_WITHOUT,,LATERALITY_UNSPECIFIED,ANATOMIC_SUBREGION_SINUS,,4,WORKBOOK_DRAFT,PENDING_CPT_REVIEW,OPTIONAL,NONE,NONE,CT-3
CT_STN_WO_CONTRAST,CT soft tissue neck without contrast,TDM parties molles du cou sans contraste,MODALITY_CT,BODY_REGION_HEAD_NECK,CONTRAST_TYPE_WITHOUT,,LATERALITY_UNSPECIFIED,ANATOMIC_SUBREGION_NECK_SOFT_TISSUE,,4,WORKBOOK_DRAFT,PENDING_CPT_REVIEW,OPTIONAL,NONE,NONE,CT-3
CT_STN_W_IV_CONTRAST,CT soft tissue neck with IV contrast,TDM parties molles du cou avec contraste IV,MODALITY_CT,BODY_REGION_HEAD_NECK,CONTRAST_TYPE_WITH,,LATERALITY_UNSPECIFIED,ANATOMIC_SUBREGION_NECK_SOFT_TISSUE,,4,WORKBOOK_DRAFT,PENDING_CPT_REVIEW,OPTIONAL,NONE,NONE,CT-3
CT_STN_W_WO_CONTRAST,CT soft tissue neck with and without IV contrast,TDM parties molles du cou avec et sans contraste IV,MODALITY_CT,BODY_REGION_HEAD_NECK,CONTRAST_TYPE_WITH_AND_WITHOUT,,LATERALITY_UNSPECIFIED,ANATOMIC_SUBREGION_NECK_SOFT_TISSUE,,4,WORKBOOK_DRAFT,PENDING_CPT_REVIEW,OPTIONAL,NONE,NONE,CT-3
CT_TSPINE_WO_CONTRAST,CT thoracic spine without contrast,TDM rachis thoracique sans contraste,MODALITY_CT,BODY_REGION_SPINE_THORACIC,CONTRAST_TYPE_WITHOUT,,LATERALITY_UNSPECIFIED,ANATOMIC_SUBREGION_SPINE_THORACIC,,4,WORKBOOK_DRAFT,PENDING_CPT_REVIEW,OPTIONAL,NONE,NONE,CT-3
CT_FOOT_LEFT_WO_CONTRAST,CT foot left without contrast,TDM pied gauche sans contraste,MODALITY_CT,BODY_REGION_FOOT,CONTRAST_TYPE_WITHOUT,,LATERALITY_LEFT,,,4,WORKBOOK_DRAFT,PENDING_CPT_REVIEW,OPTIONAL,NONE,NONE,CT-3
CT_FOOT_RIGHT_WO_CONTRAST,CT foot right without contrast,TDM pied droit sans contraste,MODALITY_CT,BODY_REGION_FOOT,CONTRAST_TYPE_WITHOUT,,LATERALITY_RIGHT,,,4,WORKBOOK_DRAFT,PENDING_CPT_REVIEW,OPTIONAL,NONE,NONE,CT-3
CT_HIP_LEFT_WO_CONTRAST,CT hip left without contrast,TDM hanche gauche sans contraste,MODALITY_CT,BODY_REGION_HIP,CONTRAST_TYPE_WITHOUT,,LATERALITY_LEFT,,,4,WORKBOOK_DRAFT,PENDING_CPT_REVIEW,OPTIONAL,NONE,NONE,CT-3
CT_HIP_RIGHT_WO_CONTRAST,CT hip right without contrast,TDM hanche droite sans contraste,MODALITY_CT,BODY_REGION_HIP,CONTRAST_TYPE_WITHOUT,,LATERALITY_RIGHT,,,4,WORKBOOK_DRAFT,PENDING_CPT_REVIEW,OPTIONAL,NONE,NONE,CT-3
CT_KNEE_LEFT_WO_CONTRAST,CT knee left without contrast,TDM genou gauche sans contraste,MODALITY_CT,BODY_REGION_KNEE,CONTRAST_TYPE_WITHOUT,,LATERALITY_LEFT,,,4,WORKBOOK_DRAFT,PENDING_CPT_REVIEW,OPTIONAL,NONE,NONE,CT-3
CT_KNEE_RIGHT_WO_CONTRAST,CT knee right without contrast,TDM genou droit sans contraste,MODALITY_CT,BODY_REGION_KNEE,CONTRAST_TYPE_WITHOUT,,LATERALITY_RIGHT,,,4,WORKBOOK_DRAFT,PENDING_CPT_REVIEW,OPTIONAL,NONE,NONE,CT-3
CT_LOWER_EXTREMITY_LEFT_W_IV_CONTRAST,CT lower extremity left with IV contrast,TDM membre inférieur gauche avec contraste IV,MODALITY_CT,BODY_REGION_LOWER_EXTREMITY,CONTRAST_TYPE_WITH,,LATERALITY_LEFT,,,4,WORKBOOK_DRAFT,PENDING_CPT_REVIEW,OPTIONAL,NONE,NONE,CT-3
CT_LOWER_EXTREMITY_LEFT_WO_CONTRAST,CT lower extremity left without contrast,TDM membre inférieur gauche sans contraste,MODALITY_CT,BODY_REGION_LOWER_EXTREMITY,CONTRAST_TYPE_WITHOUT,,LATERALITY_LEFT,,,4,WORKBOOK_DRAFT,PENDING_CPT_REVIEW,OPTIONAL,NONE,NONE,CT-3
CT_LOWER_EXTREMITY_RIGHT_W_IV_CONTRAST,CT lower extremity right with IV contrast,TDM membre inférieur droit avec contraste IV,MODALITY_CT,BODY_REGION_LOWER_EXTREMITY,CONTRAST_TYPE_WITH,,LATERALITY_RIGHT,,,4,WORKBOOK_DRAFT,PENDING_CPT_REVIEW,OPTIONAL,NONE,NONE,CT-3
CT_LOWER_EXTREMITY_RIGHT_WO_CONTRAST,CT lower extremity right without contrast,TDM membre inférieur droit sans contraste,MODALITY_CT,BODY_REGION_LOWER_EXTREMITY,CONTRAST_TYPE_WITHOUT,,LATERALITY_RIGHT,,,4,WORKBOOK_DRAFT,PENDING_CPT_REVIEW,OPTIONAL,NONE,NONE,CT-3
CT_UPPER_EXTREMITY_LEFT_W_IV_CONTRAST,CT upper extremity left with IV contrast,TDM membre supérieur gauche avec contraste IV,MODALITY_CT,BODY_REGION_UPPER_EXTREMITY,CONTRAST_TYPE_WITH,,LATERALITY_LEFT,,,4,WORKBOOK_DRAFT,PENDING_CPT_REVIEW,OPTIONAL,NONE,NONE,CT-3
CT_UPPER_EXTREMITY_LEFT_WO_CONTRAST,CT upper extremity left without contrast,TDM membre supérieur gauche sans contraste,MODALITY_CT,BODY_REGION_UPPER_EXTREMITY,CONTRAST_TYPE_WITHOUT,,LATERALITY_LEFT,,,4,WORKBOOK_DRAFT,PENDING_CPT_REVIEW,OPTIONAL,NONE,NONE,CT-3
CT_UPPER_EXTREMITY_RIGHT_W_IV_CONTRAST,CT upper extremity right with IV contrast,TDM membre supérieur droit avec contraste IV,MODALITY_CT,BODY_REGION_UPPER_EXTREMITY,CONTRAST_TYPE_WITH,,LATERALITY_RIGHT,,,4,WORKBOOK_DRAFT,PENDING_CPT_REVIEW,OPTIONAL,NONE,NONE,CT-3
CT_UPPER_EXTREMITY_RIGHT_WO_CONTRAST,CT upper extremity right without contrast,TDM membre supérieur droit sans contraste,MODALITY_CT,BODY_REGION_UPPER_EXTREMITY,CONTRAST_TYPE_WITHOUT,,LATERALITY_RIGHT,,,4,WORKBOOK_DRAFT,PENDING_CPT_REVIEW,OPTIONAL,NONE,NONE,CT-3
MRI_BRAIN_W_CONTRAST,MRI brain with contrast,IRM cérébrale avec contraste,MODALITY_MRI,BODY_REGION_HEAD,CONTRAST_TYPE_WITH,,LATERALITY_UNSPECIFIED,,,1,WORKBOOK_DRAFT,PENDING_CPT_REVIEW,OPTIONAL,NONE,PRESERVE_MRI_SPINE_NULL,MRI-1
MRI_BRAIN_W_WO_CONTRAST,MRI brain with and without contrast,IRM cérébrale avec et sans contraste,MODALITY_MRI,BODY_REGION_HEAD,CONTRAST_TYPE_WITH_AND_WITHOUT,,LATERALITY_UNSPECIFIED,,,1,WORKBOOK_DRAFT,PENDING_CPT_REVIEW,OPTIONAL,NONE,PRESERVE_MRI_SPINE_NULL,MRI-1
MRI_CSPINE_WO_CONTRAST,MRI cervical spine without contrast,IRM rachis cervical sans contraste,MODALITY_MRI,BODY_REGION_SPINE_CERVICAL,CONTRAST_TYPE_WITHOUT,,LATERALITY_UNSPECIFIED,ANATOMIC_SUBREGION_SPINE_CERVICAL,,1,WORKBOOK_DRAFT,PENDING_CPT_REVIEW,OPTIONAL,NONE,PRESERVE_MRI_SPINE_NULL,MRI-1
MRI_CSPINE_W_CONTRAST,MRI cervical spine with contrast,IRM rachis cervical avec contraste,MODALITY_MRI,BODY_REGION_SPINE_CERVICAL,CONTRAST_TYPE_WITH,,LATERALITY_UNSPECIFIED,ANATOMIC_SUBREGION_SPINE_CERVICAL,,1,WORKBOOK_DRAFT,PENDING_CPT_REVIEW,OPTIONAL,NONE,PRESERVE_MRI_SPINE_NULL,MRI-1
MRI_CSPINE_W_WO_CONTRAST,MRI cervical spine with and without contrast,IRM rachis cervical avec et sans contraste,MODALITY_MRI,BODY_REGION_SPINE_CERVICAL,CONTRAST_TYPE_WITH_AND_WITHOUT,,LATERALITY_UNSPECIFIED,ANATOMIC_SUBREGION_SPINE_CERVICAL,,1,WORKBOOK_DRAFT,PENDING_CPT_REVIEW,OPTIONAL,NONE,PRESERVE_MRI_SPINE_NULL,MRI-1
MRI_LSPINE_WO_CONTRAST,MRI lumbar spine without contrast,IRM rachis lombaire sans contraste,MODALITY_MRI,BODY_REGION_SPINE,CONTRAST_TYPE_WITHOUT,,LATERALITY_UNSPECIFIED,ANATOMIC_SUBREGION_SPINE_LUMBAR,,1,WORKBOOK_DRAFT,PENDING_CPT_REVIEW,OPTIONAL,NONE,PRESERVE_MRI_SPINE_NULL,MRI-1
MRI_LSPINE_W_CONTRAST,MRI lumbar spine with contrast,IRM rachis lombaire avec contraste,MODALITY_MRI,BODY_REGION_SPINE,CONTRAST_TYPE_WITH,,LATERALITY_UNSPECIFIED,ANATOMIC_SUBREGION_SPINE_LUMBAR,,1,WORKBOOK_DRAFT,PENDING_CPT_REVIEW,OPTIONAL,NONE,PRESERVE_MRI_SPINE_NULL,MRI-1
MRI_LSPINE_W_WO_CONTRAST,MRI lumbar spine with and without contrast,IRM rachis lombaire avec et sans contraste,MODALITY_MRI,BODY_REGION_SPINE,CONTRAST_TYPE_WITH_AND_WITHOUT,,LATERALITY_UNSPECIFIED,ANATOMIC_SUBREGION_SPINE_LUMBAR,,1,WORKBOOK_DRAFT,PENDING_CPT_REVIEW,OPTIONAL,NONE,PRESERVE_MRI_SPINE_NULL,MRI-1
MRI_TSPINE_WO_CONTRAST,MRI thoracic spine without contrast,IRM rachis thoracique sans contraste,MODALITY_MRI,BODY_REGION_SPINE_THORACIC,CONTRAST_TYPE_WITHOUT,,LATERALITY_UNSPECIFIED,ANATOMIC_SUBREGION_SPINE_THORACIC,,1,WORKBOOK_DRAFT,PENDING_CPT_REVIEW,OPTIONAL,NONE,PRESERVE_MRI_SPINE_NULL,MRI-1
MRI_TSPINE_W_CONTRAST,MRI thoracic spine with contrast,IRM rachis thoracique avec contraste,MODALITY_MRI,BODY_REGION_SPINE_THORACIC,CONTRAST_TYPE_WITH,,LATERALITY_UNSPECIFIED,ANATOMIC_SUBREGION_SPINE_THORACIC,,1,WORKBOOK_DRAFT,PENDING_CPT_REVIEW,OPTIONAL,NONE,PRESERVE_MRI_SPINE_NULL,MRI-1
MRI_TSPINE_W_WO_CONTRAST,MRI thoracic spine with and without contrast,IRM rachis thoracique avec et sans contraste,MODALITY_MRI,BODY_REGION_SPINE_THORACIC,CONTRAST_TYPE_WITH_AND_WITHOUT,,LATERALITY_UNSPECIFIED,ANATOMIC_SUBREGION_SPINE_THORACIC,,1,WORKBOOK_DRAFT,PENDING_CPT_REVIEW,OPTIONAL,NONE,PRESERVE_MRI_SPINE_NULL,MRI-1
MRI_CHOLANGIOGRAM,MRI cholangiogram,IRM cholangiographie,MODALITY_MRI,BODY_REGION_HEPATOBILIARY,CONTRAST_TYPE_WITHOUT,,LATERALITY_UNSPECIFIED,ANATOMIC_SUBREGION_BILIARY,PROTOCOL_MRI_CHOLANGIOGRAM,3,WORKBOOK_DRAFT,PENDING_CPT_REVIEW,OPTIONAL,NONE,NONE,MRI-2
MRI_HIP_BILATERAL_WO_CONTRAST,MRI hip bilateral without contrast,IRM hanche bilatérale sans contraste,MODALITY_MRI,BODY_REGION_HIP,CONTRAST_TYPE_WITHOUT,,LATERALITY_BILATERAL,,,3,WORKBOOK_DRAFT,PENDING_CPT_REVIEW,OPTIONAL,NONE,NONE,MRI-2
MRI_HIP_LEFT_WO_CONTRAST,MRI hip left without contrast,IRM hanche gauche sans contraste,MODALITY_MRI,BODY_REGION_HIP,CONTRAST_TYPE_WITHOUT,,LATERALITY_LEFT,,,3,WORKBOOK_DRAFT,PENDING_CPT_REVIEW,OPTIONAL,NONE,NONE,MRI-2
MRI_HIP_RIGHT_WO_CONTRAST,MRI hip right without contrast,IRM hanche droite sans contraste,MODALITY_MRI,BODY_REGION_HIP,CONTRAST_TYPE_WITHOUT,,LATERALITY_RIGHT,,,3,WORKBOOK_DRAFT,PENDING_CPT_REVIEW,OPTIONAL,NONE,NONE,MRI-2
MRI_KNEE_LEFT,MRI knee left,IRM genou gauche,MODALITY_MRI,BODY_REGION_KNEE,CONTRAST_TYPE_WITHOUT,,LATERALITY_LEFT,,,3,WORKBOOK_DRAFT,PENDING_CPT_REVIEW,OPTIONAL,NONE,NONE,MRI-2
MRI_KNEE_RIGHT,MRI knee right,IRM genou droit,MODALITY_MRI,BODY_REGION_KNEE,CONTRAST_TYPE_WITHOUT,,LATERALITY_RIGHT,,,3,WORKBOOK_DRAFT,PENDING_CPT_REVIEW,OPTIONAL,NONE,NONE,MRI-2
MRI_LOWER_EXTREMITY_LEFT_W_WO_CONTRAST,MRI lower extremity left with and without contrast,IRM membre inférieur gauche avec et sans contraste,MODALITY_MRI,BODY_REGION_LOWER_EXTREMITY,CONTRAST_TYPE_WITH_AND_WITHOUT,,LATERALITY_LEFT,,,3,WORKBOOK_DRAFT,PENDING_CPT_REVIEW,OPTIONAL,NONE,NONE,MRI-2
MRI_LOWER_EXTREMITY_RIGHT_W_WO_CONTRAST,MRI lower extremity right with and without contrast,IRM membre inférieur droit avec et sans contraste,MODALITY_MRI,BODY_REGION_LOWER_EXTREMITY,CONTRAST_TYPE_WITH_AND_WITHOUT,,LATERALITY_RIGHT,,,3,WORKBOOK_DRAFT,PENDING_CPT_REVIEW,OPTIONAL,NONE,NONE,MRI-2
MRI_PELVIS,MRI pelvis,IRM pelvis,MODALITY_MRI,BODY_REGION_PELVIS,CONTRAST_TYPE_WITHOUT,,LATERALITY_UNSPECIFIED,,,3,WORKBOOK_DRAFT,PENDING_CPT_REVIEW,OPTIONAL,NONE,NONE,MRI-2
MRI_PELVIS_LIMITED,MRI pelvis limited,IRM pelvis limitée,MODALITY_MRI,BODY_REGION_PELVIS,CONTRAST_TYPE_WITHOUT,,LATERALITY_UNSPECIFIED,,,3,WORKBOOK_DRAFT,PENDING_CPT_REVIEW,OPTIONAL,NONE,NONE,MRI-2
MRI_SELLA,MRI sella,IRM selle turcique,MODALITY_MRI,BODY_REGION_HEAD,CONTRAST_TYPE_WITHOUT,,LATERALITY_UNSPECIFIED,ANATOMIC_SUBREGION_SELLA,,3,WORKBOOK_DRAFT,PENDING_CPT_REVIEW,OPTIONAL,NONE,NONE,MRI-2
MRI_UPPER_EXTREMITY_LEFT_WO_CONTRAST,MRI upper extremity left without contrast,IRM membre supérieur gauche sans contraste,MODALITY_MRI,BODY_REGION_UPPER_EXTREMITY,CONTRAST_TYPE_WITHOUT,,LATERALITY_LEFT,,,3,WORKBOOK_DRAFT,PENDING_CPT_REVIEW,OPTIONAL,NONE,NONE,MRI-2
MRI_UPPER_EXTREMITY_RIGHT_WO_CONTRAST,MRI upper extremity right without contrast,IRM membre supérieur droit sans contraste,MODALITY_MRI,BODY_REGION_UPPER_EXTREMITY,CONTRAST_TYPE_WITHOUT,,LATERALITY_RIGHT,,,3,WORKBOOK_DRAFT,PENDING_CPT_REVIEW,OPTIONAL,NONE,NONE,MRI-2
MRI_UPPER_EXTREMITY_RIGHT_W_WO_CONTRAST,MRI upper extremity right with and without contrast,IRM membre supérieur droit avec et sans contraste,MODALITY_MRI,BODY_REGION_UPPER_EXTREMITY,CONTRAST_TYPE_WITH_AND_WITHOUT,,LATERALITY_RIGHT,,,3,WORKBOOK_DRAFT,PENDING_CPT_REVIEW,OPTIONAL,NONE,NONE,MRI-2
MRA_BRAIN,MRA brain,ARM cérébrale,MODALITY_MRA,BODY_REGION_HEAD,CONTRAST_TYPE_WITHOUT,,LATERALITY_UNSPECIFIED,,,3,WORKBOOK_DRAFT,PENDING_CPT_REVIEW,OPTIONAL,NONE,NONE,MRA-1
MRA_CAROTID_W_CONTRAST,MRA carotid with contrast,ARM carotides avec contraste,MODALITY_MRA,BODY_REGION_HEAD_NECK,CONTRAST_TYPE_WITH,,LATERALITY_UNSPECIFIED,ANATOMIC_SUBREGION_CAROTID,,3,WORKBOOK_DRAFT,PENDING_CPT_REVIEW,OPTIONAL,NONE,NONE,MRA-1
MRA_CAROTID_WO_CONTRAST,MRA carotid without contrast,ARM carotides sans contraste,MODALITY_MRA,BODY_REGION_HEAD_NECK,CONTRAST_TYPE_WITHOUT,,LATERALITY_UNSPECIFIED,ANATOMIC_SUBREGION_CAROTID,,3,WORKBOOK_DRAFT,PENDING_CPT_REVIEW,OPTIONAL,NONE,NONE,MRA-1
MRA_LE_LEFT_W_CONTRAST,MRA lower extremity left with contrast,ARM membre inférieur gauche avec contraste,MODALITY_MRA,BODY_REGION_LOWER_EXTREMITY,CONTRAST_TYPE_WITH,,LATERALITY_LEFT,,,3,WORKBOOK_DRAFT,PENDING_CPT_REVIEW,OPTIONAL,NONE,NONE,MRA-1
MRA_LE_RIGHT_W_CONTRAST,MRA lower extremity right with contrast,ARM membre inférieur droit avec contraste,MODALITY_MRA,BODY_REGION_LOWER_EXTREMITY,CONTRAST_TYPE_WITH,,LATERALITY_RIGHT,,,3,WORKBOOK_DRAFT,PENDING_CPT_REVIEW,OPTIONAL,NONE,NONE,MRA-1
US_THYROID,Thyroid ultrasound,Échographie thyroïde,MODALITY_US,BODY_REGION_THYROID,CONTRAST_TYPE_NONE,,LATERALITY_UNSPECIFIED,ANATOMIC_SUBREGION_THYROID,,2,WORKBOOK_DRAFT,PENDING_CPT_REVIEW,OPTIONAL,NONE,AVOID_US_ABD,US-1
US_AORTA,Aorta ultrasound,Échographie aorte,MODALITY_US,BODY_REGION_AORTA,CONTRAST_TYPE_NONE,,LATERALITY_UNSPECIFIED,ANATOMIC_SUBREGION_AORTA,,2,WORKBOOK_DRAFT,PENDING_CPT_REVIEW,OPTIONAL,NONE,AVOID_US_ABD,US-1
US_BLADDER,Bladder ultrasound,Échographie vessie,MODALITY_US,BODY_REGION_BLADDER,CONTRAST_TYPE_NONE,,LATERALITY_UNSPECIFIED,ANATOMIC_SUBREGION_BLADDER,,2,WORKBOOK_DRAFT,PENDING_CPT_REVIEW,OPTIONAL,NONE,AVOID_US_ABD,US-1
US_CHEST,Chest ultrasound,Échographie thorax,MODALITY_US,BODY_REGION_CHEST,CONTRAST_TYPE_NONE,,LATERALITY_UNSPECIFIED,,,2,WORKBOOK_DRAFT,PENDING_CPT_REVIEW,OPTIONAL,NONE,AVOID_US_ABD,US-1
US_CAROTID_DUPLEX,Carotid duplex ultrasound,Échographie duplex carotidienne,MODALITY_US,BODY_REGION_HEAD_NECK,CONTRAST_TYPE_NONE,,LATERALITY_UNSPECIFIED,ANATOMIC_SUBREGION_CAROTID,PROTOCOL_US_DOPPLER_ARTERIAL,3,WORKBOOK_DRAFT,PENDING_CPT_REVIEW,OPTIONAL,NONE,AVOID_DOPPLER_VEIN,US-2
US_ARTERIAL_DOPPLER_LE_BILATERAL,Lower extremity arterial Doppler bilateral,Doppler artériel membres inférieurs bilatéral,MODALITY_US,BODY_REGION_LOWER_EXTREMITY,CONTRAST_TYPE_NONE,,LATERALITY_BILATERAL,,PROTOCOL_US_DOPPLER_ARTERIAL,3,WORKBOOK_DRAFT,PENDING_CPT_REVIEW,OPTIONAL,NONE,AVOID_DOPPLER_VEIN,US-2
US_ARTERIAL_DOPPLER_LE_LEFT,Lower extremity arterial Doppler left,Doppler artériel membre inférieur gauche,MODALITY_US,BODY_REGION_LOWER_EXTREMITY,CONTRAST_TYPE_NONE,,LATERALITY_LEFT,,PROTOCOL_US_DOPPLER_ARTERIAL,3,WORKBOOK_DRAFT,PENDING_CPT_REVIEW,OPTIONAL,NONE,AVOID_DOPPLER_VEIN,US-2
US_ARTERIAL_DOPPLER_LE_RIGHT,Lower extremity arterial Doppler right,Doppler artériel membre inférieur droit,MODALITY_US,BODY_REGION_LOWER_EXTREMITY,CONTRAST_TYPE_NONE,,LATERALITY_RIGHT,,PROTOCOL_US_DOPPLER_ARTERIAL,3,WORKBOOK_DRAFT,PENDING_CPT_REVIEW,OPTIONAL,NONE,AVOID_DOPPLER_VEIN,US-2
US_VENOUS_DOPPLER_UE_BILATERAL,Upper extremity venous Doppler bilateral,Doppler veineux membres supérieurs bilatéral,MODALITY_US,BODY_REGION_UPPER_EXTREMITY,CONTRAST_TYPE_NONE,,LATERALITY_BILATERAL,,PROTOCOL_US_DOPPLER_VENOUS,3,WORKBOOK_DRAFT,PENDING_CPT_REVIEW,OPTIONAL,NONE,AVOID_DOPPLER_VEIN,US-2
US_VENOUS_DOPPLER_UE_LEFT,Upper extremity venous Doppler left,Doppler veineux membre supérieur gauche,MODALITY_US,BODY_REGION_UPPER_EXTREMITY,CONTRAST_TYPE_NONE,,LATERALITY_LEFT,,PROTOCOL_US_DOPPLER_VENOUS,3,WORKBOOK_DRAFT,PENDING_CPT_REVIEW,OPTIONAL,NONE,AVOID_DOPPLER_VEIN,US-2
US_VENOUS_DOPPLER_UE_RIGHT,Upper extremity venous Doppler right,Doppler veineux membre supérieur droit,MODALITY_US,BODY_REGION_UPPER_EXTREMITY,CONTRAST_TYPE_NONE,,LATERALITY_RIGHT,,PROTOCOL_US_DOPPLER_VENOUS,3,WORKBOOK_DRAFT,PENDING_CPT_REVIEW,OPTIONAL,NONE,AVOID_DOPPLER_VEIN,US-2
US_ARTERIAL_DOPPLER_UE_BILATERAL,Upper extremity arterial Doppler bilateral,Doppler artériel membres supérieurs bilatéral,MODALITY_US,BODY_REGION_UPPER_EXTREMITY,CONTRAST_TYPE_NONE,,LATERALITY_BILATERAL,,PROTOCOL_US_DOPPLER_ARTERIAL,3,WORKBOOK_DRAFT,PENDING_CPT_REVIEW,OPTIONAL,NONE,AVOID_DOPPLER_VEIN,US-2
US_ARTERIAL_DOPPLER_UE_LEFT,Upper extremity arterial Doppler left,Doppler artériel membre supérieur gauche,MODALITY_US,BODY_REGION_UPPER_EXTREMITY,CONTRAST_TYPE_NONE,,LATERALITY_LEFT,,PROTOCOL_US_DOPPLER_ARTERIAL,3,WORKBOOK_DRAFT,PENDING_CPT_REVIEW,OPTIONAL,NONE,AVOID_DOPPLER_VEIN,US-2
US_ARTERIAL_DOPPLER_UE_RIGHT,Upper extremity arterial Doppler right,Doppler artériel membre supérieur droit,MODALITY_US,BODY_REGION_UPPER_EXTREMITY,CONTRAST_TYPE_NONE,,LATERALITY_RIGHT,,PROTOCOL_US_DOPPLER_ARTERIAL,3,WORKBOOK_DRAFT,PENDING_CPT_REVIEW,OPTIONAL,NONE,AVOID_DOPPLER_VEIN,US-2
US_BREAST_BILATERAL,Breast ultrasound bilateral,Échographie mammaire bilatérale,MODALITY_US,BODY_REGION_BREAST,CONTRAST_TYPE_NONE,,LATERALITY_BILATERAL,ANATOMIC_SUBREGION_BREAST,,3,WORKBOOK_DRAFT,PENDING_CPT_REVIEW,OPTIONAL,NONE,NONE,US-3
US_BREAST_LEFT,Breast ultrasound left,Échographie mammaire gauche,MODALITY_US,BODY_REGION_BREAST,CONTRAST_TYPE_NONE,,LATERALITY_LEFT,ANATOMIC_SUBREGION_BREAST,,3,WORKBOOK_DRAFT,PENDING_CPT_REVIEW,OPTIONAL,NONE,NONE,US-3
US_BREAST_RIGHT,Breast ultrasound right,Échographie mammaire droite,MODALITY_US,BODY_REGION_BREAST,CONTRAST_TYPE_NONE,,LATERALITY_RIGHT,ANATOMIC_SUBREGION_BREAST,,3,WORKBOOK_DRAFT,PENDING_CPT_REVIEW,OPTIONAL,NONE,NONE,US-3
FL_ESOPHAGRAM,Esophagram,Œsophagogramme,MODALITY_FL,BODY_REGION_ABDOMEN,CONTRAST_TYPE_NONE,,LATERALITY_UNSPECIFIED,,PROTOCOL_FL_ESOPHAGRAM,3,WORKBOOK_DRAFT,PENDING_CPT_REVIEW,OPTIONAL,NONE,NONE,FL-1
FL_LINE_PLACEMENT,Fluoroscopic line placement,Pose de ligne sous fluoroscopie,MODALITY_FL,BODY_REGION_CHEST,CONTRAST_TYPE_NONE,,LATERALITY_UNSPECIFIED,,PROTOCOL_FL_LINE_PLACEMENT,3,WORKBOOK_DRAFT,PENDING_CPT_REVIEW,OPTIONAL,NONE,NONE,FL-1
FL_TUBE_PLACEMENT,Fluoroscopic tube placement,Pose de sonde sous fluoroscopie,MODALITY_FL,BODY_REGION_ABDOMEN,CONTRAST_TYPE_NONE,,LATERALITY_UNSPECIFIED,,PROTOCOL_FL_TUBE_PLACEMENT,3,WORKBOOK_DRAFT,PENDING_CPT_REVIEW,OPTIONAL,NONE,NONE,FL-1
FL_LUMBAR_PUNCTURE,Lumbar puncture (fluoroscopic guidance),Ponction lombaire (guidage fluoroscopique),MODALITY_FL,BODY_REGION_SPINE,CONTRAST_TYPE_NONE,,LATERALITY_UNSPECIFIED,ANATOMIC_SUBREGION_SPINE_LUMBAR,PROTOCOL_FL_LUMBAR_PUNCTURE,3,WORKBOOK_DRAFT,PENDING_CPT_REVIEW,OPTIONAL,NONE,NONE,FL-1
NM_HIDA,HIDA scan,Scintigraphie HIDA,MODALITY_NM,BODY_REGION_HEPATOBILIARY,CONTRAST_TYPE_NONE,,LATERALITY_UNSPECIFIED,ANATOMIC_SUBREGION_BILIARY,PROTOCOL_NM_HIDA,3,WORKBOOK_DRAFT,PENDING_CPT_REVIEW,OPTIONAL,NONE,NONE,NM-1
NM_GB_EMPTYING,Gallbladder emptying study,Étude d'évacuation vésiculaire,MODALITY_NM,BODY_REGION_HEPATOBILIARY,CONTRAST_TYPE_NONE,,LATERALITY_UNSPECIFIED,ANATOMIC_SUBREGION_BILIARY,PROTOCOL_NM_GALLBLADDER_EMPTYING,3,WORKBOOK_DRAFT,PENDING_CPT_REVIEW,OPTIONAL,NONE,NONE,NM-1
NM_VQ_PERFUSION,V/Q scan — perfusion,Scintigraphie V/Q — perfusion,MODALITY_NM,BODY_REGION_CHEST,CONTRAST_TYPE_NONE,,LATERALITY_UNSPECIFIED,,PROTOCOL_NM_VQ_PERFUSION,3,WORKBOOK_DRAFT,PENDING_CPT_REVIEW,OPTIONAL,NONE,NONE,NM-1
NM_VQ_VENTILATION,V/Q scan — ventilation,Scintigraphie V/Q — ventilation,MODALITY_NM,BODY_REGION_CHEST,CONTRAST_TYPE_NONE,,LATERALITY_UNSPECIFIED,,PROTOCOL_NM_VQ_VENTILATION,3,WORKBOOK_DRAFT,PENDING_CPT_REVIEW,OPTIONAL,NONE,NONE,NM-1
NM_VQ_COMBINED,V/Q scan — combined perfusion/ventilation,Scintigraphie V/Q — perfusion et ventilation,MODALITY_NM,BODY_REGION_CHEST,CONTRAST_TYPE_NONE,,LATERALITY_UNSPECIFIED,,PROTOCOL_NM_VQ_COMBINED,3,WORKBOOK_DRAFT,PENDING_CPT_REVIEW,OPTIONAL,NONE,NONE,NM-1
