displayNameEn,category,mergeIntoCode,code,requiresProviderOrder
Abdominal Binder,,,,
Ace Wrap,,,,
Activity,,,,
Add Pharmacy in chart,,,,
Add Pharmacy in patient chart,,,,
Admit to Floor / 48 hr Observation Unit,,,,
Admit to 4S Haven,,,,
Admit to CDU / 23 hr ED Observation Unit,,,,
Admit to ICU,,,,
Admit to Med Surg,,,,
Admit to Med Surg with Telemetry,,,,
Admit to Step Down Unit,,,,
Admitting Diagnosis,,,,
Admitting Doctor,,,,
Ambulate Patient,,,,
Apply Heat to Affected Area,,,,
Apply Ice to Affected Area,,,,
Apply Loose Dressing,,,,
Apply Steri Strips,,,,
Assist Patient to Restroom,,,,
Back Board,,,,
BAIR Hugger,,,,
Barthol Catheter,,,,
BCPAP,,,,
Bed Request,,,,
BiPAP RT Request,,,,
Bladder Scan,,,,
Blood Pressure Monitor,,,,
BP Bilateral Arms,,,,
Buddy Tape Fingers,,,,
Buddy Tape Toes,,,,
Bulb Suction RT Request,,,,
C Collar,,,,
Remove C Collar,,,,
Call Hospitalist for Admission,,,,
Cane,,,,
Cardiac Monitoring,,,,
Cardiac Team,,,,
Central Line Insertion Setup,,,,
Central Line Tray,,,,
Central VO2 Sat,,,,
Cerumen Disimpaction,,,,
Chest Tube Setup,,,,
Chest Tube to Continuous Suction,,,,
Chest Tube to Water Seal,,,,
Clamp Feeding Tube,,,,
Clavicle Strap,,,,
Collect Blood Culture Prior to Starting Antibiotic,,,,
Commode to Bedside,,,,
Complete Admit Checklist,,,,
Consult Burn Center,,,,
Consult Behavioral Health,,,,
Consult Cardiology,,,,
Consult Case Management,,,,
Consult General Surgery,,,,
Consult Hospitalist,,,,
Consult Intensivist,,,,
Consult Interventional Radiology,,,,
Consult Nephrology,,,,
Consult Neurology,,,,
Consult Orthopedic Surgery,,,,
Consult Podiatry,,,,
Consult Poison Control,,,,
Consult Pulmonology,,,,
Consult Social Services,,,,
Consult Urology,,,,
Consult Vascular Surgery,,,,
Consult Wound Care,,,,
Contact MD When Bolus Complete for Sepsis Reassessment,,,,
Contact Poison Control,,,,
Continuous Bladder Irrigation,,,,
Continuous Cardiac Monitoring,,,,
Continuous Fetal Monitoring,,,,
Cool Mist RT Request,,,,
CPAP RT Request,,,,
Crutches,,,,
Debride Wound,,,,
Dental Tray,,,,
Diet,,,,
Discontinue Indwelling Foley Catheter,,,,
Disimpaction Nursing,,,,
Document LMP in Chart,,,,
Document Vital Signs in Chart No More Than Every 15 Minutes,,,,
Document Vital Signs in Chart No More Than Every 30 Minutes,,,,
Doppler Pulses,,,,
Dress Wounds,,,,
Wet-to-Dry Dressing Change,,,,
Ear Irrigation,,,,
Ear Tray,,,,
Echocardiogram,,,,
EKG 12 Lead,,,,
EKG 12 Lead at 3 Hours,,,,
EKG 12 Lead at 6 Hours,,,,
Repeat EKG 12 Lead,,,,
Third Repeat EKG 12 Lead,,,,
Elastic Wrap,,,,
Elevate,,,,
Elevate Extremity,,,,
Elopement Precautions,,,,
Enema,,,,
Epistaxis Tray,,,,
EtCO2 Monitoring,,,,
Eye Irrigation,,,,
Eye Irrigation with Morgan Lens,,,,
Eye Patch,,,,
Eye pH,,,,
Eye Protection Patch,,,,
Eye Tray,,,,
Fetal Heart Tones,,,,
Fetal Monitoring,,,,
Financial Services Consult,,,,
Fluid Warmer Level 1,,,,
Give Urinal,,,,
Give Warm Blanket,,,,
Hemorrhagic Stroke Target SBP Less Than 160 and DBP Less Than 99,,,,
Head of Bed 30 Degrees and Neck Neutral,,,,
Holter Monitor,,,,
Immobilizer Knee,,,,
Immobilizer Shoulder,,,,
Incentive Spirometry Nursing,,,,
Insert Indwelling Foley Catheter,,,,
Irrigate Indwelling Foley Catheter,,,,
Irrigate Suprapubic Catheter,,,,
Irrigate Wounds,,,,
Ischemic Stroke Target SBP Less Than 220 and DBP Less Than 120,,,,
IV Saline Lock,,,,
Katz Extractor,,,,
Knee Immobilizer,,,,
Laceration Kit to Bedside,,,,
Leather Restraints Protocol,,,,
Leg Bag,,,,
Level I Trauma Activation / Full Trauma Activation,,,,
Level II Trauma Activation / Modified Trauma Activation,,,,
Level III Trauma Activation / Trauma Alert Consult,,,,
Log Roll,,,,
LP Tray,,,,
LP Tray to Bedside,,,,
Massive Transfusion Protocol,,,,
Measure Left Calf Circumference,,,,
Midline Catheter Placement,,,,
Morgan Lens,,,,
MSDS Sheet,,,,
Nasal Balloon,,,,
Nasal Tampon,,,,
Nasal Trumpet Insert,,,,
Neuro Check,,,,
Neurovascular Check,,,,
NG Tube Continuous Suction,,,,
NG Tube Insert,,,,
Notify APP on Duty,,,,
Notify MD if Abnormal Vitals,,,,
Notify MD When Family in Room,,,,
Notify MD When SBP Less Than 160 mmHg,,,,
Notify MD When SBP Less Than 170 mmHg,,,,
Notify MD When SBP Less Than 180 mmHg,,,,
NPO,,,,
NPO Until Patient Medically Cleared,,,,
Nursing Communication,,,,
Obtain Consent for Procedure,,,,
Obtain Consent for Lumbar Puncture,,,,
Obtain Consent for Sedation,,,,
Obtain Consent for Thrombolytics,,,,
Obtain Old EKG,,,,
Obtain Old Records,,,,
Obtain Parental Consent for Treatment,,,,
OG / Orogastric Tube Insertion,,,,
Orthopedic Boot,,,,
Orthopedic Shoe,,,,
Orthostatic Vital Signs,,,,
Orthostatic Vitals Lying and Sitting Only,,,,
Oxygen,,,,
High Flow Nasal Cannula Oxygen,,,,
Oxygen Titrate to 92 Percent,,,,
Pacer Pads,,,,
Peak Flow RT Request,,,,
Peak Flow Pre and Post RT Request,,,,
Pelvic Exam Setup,,,,
PICC Line Placement,,,,
Place in Observation,,,,
PO Challenge,,,,
PO Fluids,,,,
POC BMP,,,,
POC BNP,,,,
POC Breathalyzer,,,,
POC Cardiac Enzymes,,,,
POC Glucose,,,,
POC Guaiac Stool,,,,
POC Strep Screen,,,,
POC Troponin,,,,
POC Urine Dip,,,,
POC Urine Pregnancy,,,,
Post-op Shoe,,,,
Prepare Patient for Procedural Sedation,,,,
Psych Evaluation Call,,,,
Pulse Oximetry,,,,
Reassess and Document Temperature Within 30 to 60 Minutes,,,,
Rectal Temperature,,,,
Release to Funeral Home,,,,
Remove Dressing,,,,
Remove Staples,,,,
Remove Sutures,,,,
Remove Wound Dressing,,,,
Repeat H and H Post Transfusion,,,,
Replace Indwelling Foley Catheter,,,,
Respiratory Therapy Request,,,,
Soft Restraints Per Protocol,,,,
Restraints Non-Violent or Non-Self-Destructive,,,,
Violent or Self-Destructive Restraints Adult 18+,,,,
Resuscitation Status,,,,
Saline Lock IV,,,,
Seizure Precautions,,,,
Septic Team,,,,
Set Up Nasopharyngoscope,,,,
Set Up Procedural Sedation,,,,
Set Up Slit Lamp,,,,
Set Up Suction,,,,
Set Up Bronchoscopy,,,,
Set Up Central Line,,,,
Set Up Chest Tube,,,,
Set Up Dental Tray,,,,
Set Up Epistaxis Tray,,,,
Set Up Intubation,,,,
Set Up Laceration Repair,,,,
Set Up Lumbar Puncture Tray,,,,
Set Up Trach Exchange,,,,
Shoulder Immobilizer,,,,
Sitter at Bedside,,,,
Sling,,,,
Arm Sling,,,,
Slit Lamp to Bedside,,,,
Smoking Cessation Instructions,,,,
Soak Wound in Betadine,,,,
Soap Suds Enema,,,,
Soft Collar,,,,
Spacer to Bedside with Teaching RT Request,,,,
Incentive Spirometry RT Request,,,,
Splint Aircast Left Ankle,,,,
Splint Aircast Right Ankle,,,,
Lower Extremity Splint,,,,
Upper Extremity Splint,,,,
Spot Pulse Oximetry,,,,
Sputum Collection,,,,
Sterile Gloves,,,,
Straight Catheter for Residual,,,,
Stroke Alert,,,,
Stroke Team,,,,
Oral Suction,,,,
Suction for Sputum,,,,
Suicide Precautions,,,,
Suture Removal,,,,
Suture Setup,,,,
Swallowing Precautions,,,,
Swallowing Screen Required Before First PO,,,,
Techni-Care,,,,
Tono Pen,,,,
Transfer,,,,
Transfuse FFP,,,,
Transfuse Platelets,,,,
Transfuse PRBCs,,,,
Transvenous Pacer,,,,
Urinary Leg Bag,,,,
Urine Strainer,,,,
Ventilator,,,,
Verify and Document Antipyretic Administration,,,,
Visual Acuity,,,,
Visual Acuity Screening,,,,
Vital Sign Check Every 15 Minutes and Document in Chart,,,,
Vital Sign Check Every 30 Minutes and Document in Chart,,,,
Vital Sign Check Every 60 Minutes and Document in Chart,,,,
Vital Sign Check Every 4 Hours,,,,
Vitals,,,,
Neuro Vitals,,,,
Standard Walker,,,,
Warm Blanket,,,,
Weigh Patient,,,,
Weight,,,,
Wound Irrigation,,,,
Wound Setup,,,,
